firstname,lastname
Julia,ANDERSSON
Emma,JOHANSSON
Hanna,KARLSSON
Elin,NILSSON
Wilma,ERIKSSON
Ida,LARSSON
Amanda,OLSSON
Linnéa,PERSSON
Matilda,SVENSSON
Maja,GUSTAFSSON
Klara,PETTERSSON
Moa,JONSSON
Sara,JANSSON
Felicia,HANSSON
Ebba,BENGTSSON
Emilia,JONSSON
Alva,LINDBERG
Johanna,JAKOBSSON
Sofia,MAGNUSSON
Emelie,LINDSTROM
Josefine,OLOFSSON
Alice,LINDQVIST
Tilda,LINDGREN
Anna,BERG
Ellen,AXELSSON
Isabelle,BERGSTROM
Rebecca,LUNDBERG
Lovisa,LIND
Tilde,LUNDGREN
Lisa,LUNDQVIST
Linn,MATTSSON
Frida,BERGLUND
Olivia,FREDRIKSSON
Agnes,SANDBERG
Nathalie,HENRIKSSON
Ella,ALI
Jennifer,FORSBERG
Kajsa,MOHAMED
Filippa,SJOBERG
Elsa,WALLIN
Alma,ENGSTROM
Fanny,EKLUND
Saga,DANIELSSON
Sandra,LUNDIN
Alexandra,HAKANSSON
Lina,BJORK
Isabella,BERGMAN
Nora,GUNNARSSON
Victoria,WIKSTROM
Louise,HOLM